﻿Designator,Footprint,Quantity,Value,LCSC Part #
"C1, C2",0402,2,24pF,
"C10, C12",0402,2,1UF,
C11,0402,1,10nF,
"C13, C15, C16, C19, C20",0805,5,0.1uF,
C14,0805,1,10uF,
C17,CP_Elec_5x5.9,1,10uF/50V,
C18,0805,1,1uF,
C21,0805,1,22uF,
"C3, C4",0402,2,5pF,
C5,0603,1,100nF,
"C6, C7, C8, C9",0402,4,100nF,
D1,0805,1,LED,
D2,D_SOD-123,1,D,
D3,LED_D3.0mm,1,LED,
FB1,0603,1,600 @ 100mhz,
"H1, H4",MountingHole_3.2mm_M3_DIN965_Pad,2,MountingHole,
J1,IDC-Header_2x10_P2.54mm_Vertical,1,Conn_02x10_Odd_Even,
"J10, J9",PinHeader_1x01_P2.54mm_Vertical,2,Conn_01x01,
"J11, J12, J13, J14",Terminal_8.5_8P,4,Conn_01x08,
J2,PinHeader_1x02_P2.54mm_Vertical,1,Conn_01x02,
J3,HRO_TYPE-C-31-M-12,1,TYPE-C-31-M-12,
J4,PinHeader_1x11_P2.54mm_Horizontal,1,KEYPAD 4x4,
J5,JST_EH_B4B-EH-A_1x04_P2.50mm_Vertical,1,GYROSCOPE,
J6,PinHeader_1x04_P2.54mm_Vertical,1,UART_1,
"J7, J8",AMASS_XT60-F_1x02_P7.20mm_Vertical,2,Conn_01x02,
Q1,SOT-23,1,MMBT2222A 1P,C8512
Q2,TO-220-3_Vertical,1,IRFB7537PB,
"R1, R6",0402,2,5k1,
"R10, R13, R3, R9",0402,4,1K,
"R11, R14",0805,2,100K,
R12,0805,1,21K,
R15,0805,1,32.4K,
R16,0603,1,1K,
R2,0402,1,47R,
R4,0603,1,100R,
R5,0603,1,15K,
R7,0402,1,10K,
R8,0402,1,4.7kΩ,
SW1,KEY-SMD_4P-L4.2-W3.2-P2.20-LS4.6,1,EN,
SW2,KEY-SMD_4P-L4.2-W3.2-P2.20-LS4.6,1,BOOT,
U1,SOT-23-6,1,USBLC6-2SC6,
U2,LQFP-48-1EP_7x7mm_P0.5mm_EP3.6x3.6mm,1,~,
U3,SOT-223-3_TabPin2,1,LM1117-3.3,
"U4, U6",IC_L6201PS,2,~,
U5,MODULE_TPSM265R1SILR,1,TPSM265R1SILR,
Y1,Crystal_SMD_3215-2Pin_3.2x1.5mm,1,32.768 kHz,
Y2,CRYSTAL-SMD_4P-L3.2-W2.5-BL,1,20Mhz,
