﻿Designator,Footprint,Quantity,Value,LCSC Part #
ANT1,2500AT44M0400,1,2500AT44M0400E,
"C1, C2",0402,2,24pF,
"C10, C12",0402,2,1UF,
C11,0402,1,10nF,
"C13, C16, C20",0805,3,0.1uF,
"C14, C43",0805,2,10uF,
"C15, C19",0805,2,4.7uF,
C17,CP_Elec_5x5.9,1,10uF/50V,
"C18, C42",0805,2,1uF,
C21,0805,1,22uF,
C22,0402,1,4.7uF ,
"C23, C24, C25, C26, C28, C44, C6, C7, C8, C9",0402,10,100nF,
C27,0603,1,100nF,
C29,0402,1,220nF,C16772
"C3, C4",0402,2,5pF,
"C30, C31",0402,2,8pF,C26408
C32,0402,1,4.7uF,
C33,0402,1,3.4pF,C26404
C34,0402,1,1.2pF,C72135
"C35, C39",0402,2,100nF,C307331
"C36, C38",0402,2,0.5pF,C86284
"C37, C40, C41",0402,3,3pF,C318583
C45,0603,1,10uF,
C5,0603,1,100nF,
COM-TO-STM1,SW-SMD_SS-3235S-L2,1,~,C500056
D1,D_SOD-123,1,D,
"D2, D6, D7, D8",0805,4,LED,
D3,LED_D3.0mm,1,LED,
F1,RES-SMD_SA72SB0,1,Fuse,
FB1,0603,1,600 @ 100mhz,
"H1, H2, H3, H4",MountingHole_3.2mm_M3_DIN965_Pad,4,MountingHole,
J1,HRO_TYPE-C-31-M-12,1,TYPE-C-31-M-12,
"J10, J11, J13, J8",TerminalBlock_Phoenix_MKDS-3-8-5.08_1x08_P5.08mm_Horizontal,4,Conn_01x08,
J12,PinHeader_1x04_P2.54mm_Vertical,1,PROG,
J14,JST_EH_B4B-EH-A_1x04_P2.50mm_Vertical,1,LINE Sensor,
"J2, J9",RJ4510Pin,2,KEYPAD 4x4,
J3,JST_EH_B4B-EH-A_1x04_P2.50mm_Vertical,1,GYROSCOPE,
J4,AMASS_XT60-F_1x02_P7.20mm_Vertical,1,PUMPSIGNAL,
J5,AMASS_XT60-F_1x02_P7.20mm_Vertical,1,Conn_01x02,
"J6, J7",PinHeader_1x01_P2.54mm_Vertical,2,Conn_01x01,
L1,0805,1,10uH,C504016
L2,0402,1,22nH,C12670
"L3, L4",0402,2,3n,
L5,0402,1,L,
Q1,SOT-23,1,MMBT2222A 1P,C8512
Q2,TO-263-2,1,IRFB7537PB,
"R1, R5",0402,2,5k1,
"R10, R13",0402,2,100R,
"R11, R14",0805,2,100K,
R12,0805,1,21K,
R15,0805,1,32.4K,
R16,0603,1,1K,
"R17, R19",0603,2,100R,C22775
R18,0603,1,100K,
R2,0402,1,47R,
"R22, R23, R24, R6, R9",0402,5,1K,
R3,0603,1,100R,
R4,0603,1,15K,
R7,0402,1,10K,
R8,0402,1,4.7kΩ,
SW1,KEY-SMD_4P-L4.2-W3.2-P2.20-LS4.6,1,EN,
SW2,KEY-SMD_4P-L4.2-W3.2-P2.20-LS4.6,1,BOOT,
SW3,KEY-SMD_4P-L4.2-W3.2-P2.20-LS4.6,1,EN,C139797
SW4,KEY-SMD_4P-L4.2-W3.2-P2.20-LS4.6,1,BOOT_,C139797
"TP1, TP3, TP4, TP5",TestPoint_Pad_D1.5mm,4,TestPoint,
TP2,TestPoint_Pad_D2.0mm,1,TestPoint,
U1,SOT-23-6,1,USBLC6-2SC6,
U2,LQFP-64_10x10mm_P0.5mm,1,~,
U3,SOT-223-3_TabPin2,1,LM1117-3.3,
"U4, U6",IC_L6201PS,2,~,
U5,MODULE_TPSM265R1SILR,1,TPSM265R1SILR,
U7,QFN-48-1EP_6x6mm_P0.4mm_EP4.3x4.3mm,1,QFN48,
U8,SOIC-8_5.275x5.275mm_P1.27mm,1,W25Q128JVSIQ,
Y1,Crystal_SMD_3215-2Pin_3.2x1.5mm,1,32.768 kHz,
Y2,CRYSTAL-SMD_4P-L3.2-W2.5-BL,1,20Mhz,
Y3,Crystal_SMD_2012-2Pin_2.0x1.2mm,1,32.7680 KHz 12.5 pF,
Y4,Crystal_SMD_2016-4Pin_2.0x1.6mm,1,32.0000 MHz 8pF,
