﻿Designator,Footprint,Quantity,Value,LCSC Part #
ANT1,2500AT44M0400,1,2500AT44M0400E,
BZ1,Buzzer_Murata_PKLCS1212E,1,Buzzer,
C1,0603,1,100nF,
"C10, C11, C21, C22, C23, C24, C26, C6, C7, C8, C9",0402,11,100nF,
"C12, C15",0402,2,1UF,
C13,0402,1,10nF,
C14,0603,1,10uF,
"C16, C18",0805,2,4.7uF,
"C17, C19",0805,2,0.1uF,
"C2, C3",0402,2,24pF,
C20,0402,1,4.7uF ,
C25,0603,1,100nF,
C27,0402,1,220nF,C16772
"C28, C29",0402,2,8pF,C26408
C30,0402,1,4.7uF,
C31,0402,1,3.4pF,C26404
C32,0402,1,1.2pF,C72135
"C33, C37",0402,2,100nF,C307331
"C34, C36",0402,2,0.5pF,C86284
"C35, C38, C39",0402,3,3pF,C318583
"C4, C5",0402,2,5pF,
"C40, C41",0805,2,47uF/50V,
"C44, C45, C63, C65",0805,4,100nF,
"C48, C49",0805,2,NC,
"C52, C60, C61, C64",0805,4,1uF,
C53,0805,1,22uF,
C54,0402,1,3.3nF,
C55,0805,1,10uF,
"C56, C73",1210,2,0.47uF,
C57,0402,1,47pF,
C58,1210,1,12uF,
"C59, C76",0402,2,0.1uF,
"C62, C77",0402,2,1nF,
"C66, C78",CP_EIA-6032-15_Kemet-U,2,330uF,
"C67, C79",1210,2,10uF,
"C68, C69, C70, C71",0402,4,10uF,
C72,0603,1,750pF,
C74,0402,1,1.2pF,
C75,1210,1,22uF,
COM-TO-STM1,SW-SMD_SS-3235S-L2,1,~,C500056
"D1, D3, D4, D5",0805,4,LED,
D14,D_SMA,1,1N5819,
D15,PDS4150,1,S310,
D16,0805,1,D,
D17,D_MiniMELF,1,BZV55B5V1,
D18,LED_D3.0mm,1,LED,
D2,D_SOD-123,1,D,
D6,PDS4150,1,PDS4150,
F1,RES-SMD_SA72SB0,1,Fuse,
"FB1, FB2",0603,2,600 @ 100mhz,
"H1, H2, H3, H4",MountingHole_3.2mm_M3_DIN965_Pad,4,MountingHole,
"H5_2, H5, H6",MountingHole_3.2mm_M3,3,MountingHole_M3,
J1,TerminalBlock_4_pin,1,GYRO_1,
J10,TestPoint_Loop_D2.50mm_Drill1.0mm,1,TX_DEBUG,
J11,HRO_TYPE-C-31-M-12,1,TYPE-C-31-M-12,
J12,TestPoint_Loop_D2.50mm_Drill1.0mm,1,Conn_01x01,
"J14, J15, J16, J17",TerminalBlock_8_pin,4,Conn_01x08,
J18,PinHeader_1x04_P2.54mm_Vertical,1,PROG,
J19,TerminalBlock_2_Pin,1,DC OUT ROTARY,
J2,TerminalBlock_4_pin,1,GYRO_2,
J20,TerminalBlock_4_pin,1,SOLENOID PUMP,
J21,TerminalBlock_4_pin,1,MOTOR_A/MOTOR_B,
J22,AMASS_XT60-F_1x02_P7.20mm_Vertical,1,24V INPUT,
J23,TerminalBlock_3_Pin,1,IR Interrupt,
J3,TerminalBlock_4_pin,1,GYRO_3,
J4,TerminalBlock_4_pin,1,LIDAR Sensor,
"J5, J6",RJ45_OST_PJ012-8P8CX_Vertical,2,RJ45,
J7,TerminalBlock_2_Pin,1,Footlock,
J8,PinHeader_2x07_P1.27mm_Vertical,1,STLink,
J9,TestPoint_Loop_D2.50mm_Drill1.0mm,1,RX_DEBUG,
L1,0402,1,L,
L2,0805,1,10uH,C1046
L3,0402,1,22nH,C12670
L4,0402,1,3n,
L5,L_7.3x7.3_H3.5,1,22uH,
L6,L_7.3x7.3_H3.5,1,15uH,
Q1,SOT-23,1,BSS138,
"Q2, Q3",SOT-23,2,MMBT2222A 1P,C8512
R1,0402,1,47R,
"R10, R6",0402,2,100R,
"R11, R13",0603,2,100R,C22775
R12,0603,1,100K,
"R14, R15, R16, R8",0402,4,1K,
R17,0603,1,330,
R18,0402,1,5.76K,
"R19, R21, R22, R23, R25, R32, R33, R34, R35, R36, R55",0603,11,10K,
R2,0603,1,15K,
R20,0402,1,36.5K,
R24,0603,1,20mR,
"R26, R43, R45",0402,3,100K,
"R27, R30, R5",0603,3,1K,
R28,0402,1,422K,
R29,0402,1,80.6K,
"R3, R31",0603,2,100R,
"R37, R56",0603,2,2K,
"R38, R39, R40, R41",0603,4,30R,
R4,0603,1,3M3,
R42,0402,1,25.5K,
R44,0805,1,56mR,
R46,0603,1,56K,
R47,0402,1,3.7K,
"R7, R9",0402,2,5k1,
SW1,SW_TS-1187A-B-A-B,1,EN,
SW2,SW_TS-1187A-B-A-B,1,BOOT,
SW3,SW_TS-1187A-B-A-B,1,EN,C318884
SW4,SW_TS-1187A-B-A-B,1,BOOT_,C318884
"TP1, TP2, TP3, TP4, TP5, TP6, TP7, TP8, TP9",TestPoint_Loop_D2.50mm_Drill1.0mm,9,~,
"TP10, TP11, TP12, TP13",TestPoint_Pad_D1.5mm,4,TestPoint,
U1,LQFP-64_10x10mm_P0.5mm,1,~,
"U10, U9",AP3P3R0MT,2,PMOS,
"U11, U12",TDSON-8,2,IAUC45N04S6N070HATMA1,
U15,SOP-8_3.9x4.9mm_P1.27mm,1,CC6900SO-20A,
"U16, U20",SOP65P640X120-17N,2,~,
U17,SOT-223-3_TabPin2,1,LM1117-3.3,
"U18, U21",AP3P3R0MT,2,~,
U19,SOIC-8_3.9x4.9mm_P1.27mm,1,LM393,
U2,SOIC-8_5.275x5.275mm_P1.27mm,1,W25Q128JVSIQ,
"U3, U5",IC_L6201PS,2,~,
U4,SOT-23-6,1,USBLC6-2SC6,
U6,QFN-48-1EP_6x6mm_P0.4mm_EP4.3x4.3mm,1,QFN48,
"U7, U8",SOIC-8_3.9x4.9mm_P1.27mm,2,L6388ED013TR,
Y1,CRYSTAL-SMD_4P-L3.2-W2.5-BL,1,20Mhz,
Y2,Crystal_SMD_3215-2Pin_3.2x1.5mm,1,32.768 kHz,
Y3,Crystal_SMD_2012-2Pin_2.0x1.2mm,1,32.7680 KHz 12.5 pF,
Y4,Crystal_SMD_2016-4Pin_2.0x1.6mm,1,32.0000 MHz 8pF,
